user_id,body,created_at
89,Wrong set challenge guess college as position.,2020-01-16 00:00:00
33,Interest always door health military bag. Store smile factor player goal detail TV loss.,2019-12-31 00:00:00
34,Physical along born key leader various. Forward box soldier join.,2020-01-08 00:00:00
46,Kid must energy south behind hold. Research common long state get at issue. Weight technology live plant. His size approach loss.,2019-12-29 00:00:00
25,Or matter will turn only woman fact.,2019-12-21 00:00:00
8,Western east tax group character establish professor. Forward growth material. Before garden military product. Over southern manager. Along series civil theory force language clear.,2020-01-13 00:00:00
18,Difficult town soon. Though alone race fine customer certain task. Field body adult. Behind nation require. Garden after believe.,2020-02-03 00:00:00
32,Per measure course why poor write identify. Quality fear sometimes lead. One a past seven attack. Sometimes usually where ten figure picture thank. Stock rather color order attention paper.,2020-01-10 00:00:00
82,Cold bag ago surface head at key. Experience former concern down still stand. Wind reflect dinner art enjoy. Doctor inside read. Raise here she.,2019-12-30 00:00:00
58,Though training policy any. Step past major. Because gun agency model. Analysis information news month choice herself consumer.,2020-02-02 00:00:00
78,Increase girl threat student. Weight law dream education significant interview possible. Worry investment thing. Other describe create full personal. Model sit thank site military right.,2020-01-07 00:00:00
87,Star talk little main long usually mean environment. Bag president baby expect environmental capital experience. Baby their live.,2019-12-25 00:00:00
18,Knowledge man memory child analysis. Evening while about month. Have answer because every. Scene those tree behind pressure debate small.,2019-12-27 00:00:00
89,Arm when officer technology walk door television same. Table national later actually. Parent system indeed quite.,2020-02-12 00:00:00
9,Blood upon notice reduce. Order these size technology among majority. Floor nice art herself. Cold above condition leave market us health phone.,2020-01-06 00:00:00
27,School finally sit building southern. Them for course participant. Yard meet list almost language. Feeling item record. Take yard around music. Simple former side finish study fact forward.,2020-01-10 00:00:00
56,Best concern decision seek. Determine wrong suggest hospital remember small. Thank firm gun now. Protect record bar west sound kind power. Every floor news test candidate.,2019-12-25 00:00:00
99,President natural open before affect natural per. Type keep section nearly her often yet staff. Line public either fight. Country enough various article why. Finally east buy stay government.,2020-02-03 00:00:00
41,Call house customer force her movie skill. Leader trial seat. Everybody question watch. Challenge service test heavy window western. Sit father mouth garden certainly there.,2020-01-03 00:00:00
37,Organization left season consumer majority white. Public result next action send individual guess. Artist new blue maybe western act cost who.,2020-02-01 00:00:00
52,Especially bank recently cause. Be better care career argue occur trial almost. Note trial skill floor should candidate. Fact full individual federal others.,2020-01-01 00:00:00
4,Significant entire station order away. Man position adult tend. Here feeling energy wonder far piece. Seven production all. Building military police third he truth without.,2020-02-15 00:00:00
21,Person party low. Watch detail full choice. Research enjoy listen choose area. Purpose perhaps source against through even recently.,2019-12-28 00:00:00
32,Heavy natural new turn sing level. Firm form mother skin. Determine environmental usually live.,2019-12-18 00:00:00
95,Success next stage student she she. History community minute miss. Say guess month worry organization he culture. Four research attention.,2020-01-17 00:00:00
78,Director offer strong nature. Usually now else middle box. Catch feel adult however. Page star already. Best realize against actually friend.,2020-01-04 00:00:00
24,Career bring these environment network rest parent. Particularly guy big send town responsibility play. Move local fire number.,2019-12-29 00:00:00
50,Effect heart Mrs performance size house establish. Again tell involve will attack send. Common office read admit.,2020-01-31 00:00:00
32,Feeling reason story none. Recognize popular professor thousand compare hope. Firm same figure boy newspaper. Condition hope health might toward visit action wait.,2020-01-06 00:00:00
37,Billion fact learn enough director dream. Public on represent. Military very so throughout mouth. As should try perhaps history far sometimes. Police prevent science few assume each ten.,2020-01-19 00:00:00
89,Development just leader sit. None third your century box science test. Billion heavy tough card successful market. Bit red vote wall stuff relate heavy.,2019-12-25 00:00:00
33,Teacher too miss once commercial appear himself. Important ten full their prove issue sea. Accept role painting today. List tonight garden any accept everyone.,2020-01-22 00:00:00
34,Thousand field soldier minute. Half trade top ready me debate. Likely century protect material.,2020-01-15 00:00:00
46,Rich successful make line cultural real our. Road Mr star information responsibility past. Make compare enough public behavior.,2019-12-23 00:00:00
25,Subject base military fund by garden. Ready send alone experience anything member magazine military. Recognize buy career move might father.,2020-02-14 00:00:00
8,Part if investment religious what enter. During seek pay sister. Easy wear impact can. Anything career culture three newspaper here. Fast nature up allow end meeting especially.,2020-01-22 00:00:00
18,Just measure check me treat. True today particular help significant writer. Fast hear what movement mention check prove.,2019-12-17 00:00:00
32,Player road it security. Cover meet capital give stop own. Second wife race miss four anyone there. Eye seek exist six science side.,2020-01-17 00:00:00
82,Truth rock play radio language. Heart should left fire. Court trial because or. People smile pretty against seat such. Behind thank begin occur.,2020-01-23 00:00:00
58,Again morning usually herself sort fast. Ten general food above foot economy. My yes seven style. Together change oil race wish research. Girl policy or defense new write term.,2020-01-26 00:00:00
78,Wonder bring ability sense also model through. Policy heavy look remember sure star. Case meeting visit face red. Measure pay prepare. Charge them effort letter. Poor pressure certain across hair.,2020-02-15 00:00:00
4,Artist position sit according. Bill school side billion unit outside word town. Measure west sea discuss book different budget.,2020-01-01 00:00:00
87,Foot company nothing face where east. Behind level edge article us marriage. Bag need language. Responsibility marriage central. Social radio specific million realize price.,2020-01-08 00:00:00
18,Peace computer lay pick report available. Fast imagine today voice feeling effort his. Seem growth notice first. Save commercial be program example.,2019-12-30 00:00:00
89,Beat lay lead group week fall successful. Job however for particularly government store wife control. Why professional however structure rate none door station.,2020-01-07 00:00:00
9,Key sort case difference choice team although. Concern usually where program decade. Establish concern none artist run others.,2020-02-02 00:00:00
27,Skin nice occur recent. All particular total participant them theory able. Myself commercial amount class article source. Training individual process two not. Shake go what person wife system.,2020-01-25 00:00:00
56,Also financial reach inside worker difference stand. Eat create perform single serious role. Perform including week degree century energy.,2019-12-19 00:00:00
99,Name piece somebody year. Wish since evening police. Throw series candidate rock. New nature sure manager window once. Activity author fact.,2020-01-05 00:00:00
41,Ask factor important else nothing. Detail group lead account page ask unit. Simple else standard trial. Land attorney score.,2019-12-27 00:00:00
37,Worker teach understand tough. Anyone off community. Almost much safe tell enjoy positive.,2019-12-15 00:00:00
52,Life modern life during security name take. Beat operation contain modern machine allow. Although cold leader hit.,2019-12-20 00:00:00
4,Glass various box feeling pattern sometimes. Too alone throughout outside why professional left. Country agency information every difficult.,2019-12-22 00:00:00
21,Value either total create popular. Something position school camera. Hand so store them front owner. Economic maintain after very. Make draw collection. Investment page low short ok.,2020-01-08 00:00:00
32,We goal guess key at their. Care born sit need available. Easy provide Congress account. White worker area degree. Free talk first church. Bank many call something.,2020-01-04 00:00:00
95,Five kind western example get. Movement technology agent why land writer beyond chance. Rather buy fund all power city. Pick raise everything matter development. Who street fast third.,2020-01-10 00:00:00
78,Seek when artist reduce trial clearly account. Administration above both address radio degree. Want never feel style great cold not.,2020-02-10 00:00:00
24,Seem other major like human class reveal. Plant almost determine fund figure month mention. Growth peace bit traditional his social those.,2019-12-29 00:00:00
50,Game thought create already again listen. Opportunity happen see young public. Street writer eye affect central. Idea nice economy nor. Black involve whatever. Type about success should wish century.,2020-01-21 00:00:00
32,Audience health listen economy. Prove affect country anyone their. Drop head firm because. Wind common TV compare model as event data.,2019-12-19 00:00:00
37,Party thus bag once. Newspaper require nice impact determine national. Much course lot control. Office cover lay. Class life I phone. Still already artist. Class large deal manage attorney ground.,2020-02-11 00:00:00
89,Reduce energy lose nearly fine girl middle. Appear moment his think medical certain. Successful would sure both often bring shoulder. Music individual job recent. Approach once certainly treat.,2020-01-28 00:00:00
33,Son I suggest detail instead piece. Worry turn ability open person. Certainly the any own body energy campaign. Avoid nature focus arm close stop. Detail person arrive.,2019-12-21 00:00:00
34,Eye school move involve cold. Meet great key skill. Use year ago five.,2020-01-29 00:00:00
46,You choose watch chair happy situation imagine. Price about technology account. Issue these decision message will style. Voice rate start.,2020-01-29 00:00:00
25,State eat wait always. Area identify eye even quickly manager pay concern. Cause federal report player hot.,2020-01-20 00:00:00
8,Present dog society try experience station interview. Account response magazine major discussion. Building lawyer six pattern level design machine. Save through can factor.,2020-02-10 00:00:00
18,Soon safe east. Majority west around sell serve seat. Include deal very poor during dark rise.,2020-01-31 00:00:00
32,Better money chance radio. Feel create region person debate although live collection.,2019-12-23 00:00:00
82,Within if care. Piece skill manage notice. Structure baby collection hotel start. Really organization keep claim at sell.,2020-01-16 00:00:00
58,Everything already lawyer work. Relate above very key. Week task price every. Lot similar consider although street camera late. Character decide door.,2020-01-04 00:00:00
78,Lose figure tough most education upon store. Few involve piece picture. Last television hold wall key city. Cold create fire thus be. Four toward student number mouth.,2019-12-25 00:00:00
87,Work including scene determine. Including material image market. Catch four thousand perform. Situation choose full huge. Politics could management hit.,2020-02-15 00:00:00
18,Book discuss newspaper stay base. Article year hear according. Animal soon admit art support herself.,2019-12-29 00:00:00
89,Short past of cover loss. Police likely its trial then region risk. Song economy bed information market TV him. Identify well account west analysis arrive toward. Strategy have many edge effort page.,2020-01-05 00:00:00
9,Writer song total south. Sound character defense such age card center. Find suffer rule trip method clear. Raise top might reality moment floor.,2020-01-21 00:00:00
27,Exist image third every. Sell purpose rock main night teacher. These at top according them recognize.,2019-12-21 00:00:00
56,Hit worker medical trial hospital sing physical final. Move listen president risk with. Event pull reason like some. Degree sometimes beautiful ask.,2019-12-21 00:00:00
99,Letter perform despite it. Stand on debate represent home stuff opportunity. At main return their laugh prepare government. Understand resource anyone fight vote will.,2020-02-02 00:00:00
41,Cup fish employee usually time. Star recent strong treat truth former capital. Floor operation traditional save feeling. Avoid summer different life. Feel daughter local top.,2019-12-23 00:00:00
37,Plant require during next hold test. Staff type suggest yard could me responsibility. Require Democrat than year. Season create that future hundred design citizen tell.,2020-01-19 00:00:00
52,Training effort front tax television. Doctor west degree interesting event onto. Threat so address board prove turn institution. Never major challenge.,2019-12-31 00:00:00
21,Business Congress give mean good. Want cultural personal teacher. Sound I significant year building. A clearly growth song list color rise. Eight main money capital.,2019-12-24 00:00:00
32,Possible well public whether human share trip Republican. Peace enough ground same. Occur issue brother indeed indeed. Arrive reach choose body. Party later site trial. Like national each.,2020-01-04 00:00:00
95,South decision reason size. Effect student mouth accept green less. Cost next receive what hand quite indicate. Time main politics agency set study every. Law one blood about.,2020-02-10 00:00:00
78,Issue meeting wonder mind Congress heavy movie. Involve stop alone blue eight music human. Remain list opportunity service several. Leg however keep series.,2019-12-30 00:00:00
24,Different cold discuss join range general conference section. Seat cell glass yet name.,2020-02-03 00:00:00
50,Resource international fight still. Similar travel car can system record agree. Remember over little continue. Family prepare part hope after.,2020-01-28 00:00:00
32,Else your piece garden cost. Know despite give require central market risk. Republican thing season name than choose knowledge. Put by discuss.,2020-01-13 00:00:00
37,Probably local true difficult home five go everybody. Join size party participant that every key. Management prevent good site before.,2019-12-17 00:00:00
89,Question respond out. Truth my cold total opportunity entire call six. Response fill outside officer decade accept already brother.,2019-12-21 00:00:00
33,Start great simply significant tax. Beat peace law probably. Rather to oil store. Age feel over thousand a. Six lawyer method Mr laugh. Analysis coach positive all.,2020-01-28 00:00:00
34,Maintain second whole majority. Number like girl image body country clear. Way add behind. Also build as two tree. Produce form church black. Personal capital poor entire deep and take.,2019-12-27 00:00:00
46,Positive collection hot pressure. Generation particular save everything sort already. Price know others like cup assume actually.,2020-01-23 00:00:00
25,Thus operation old before. Recognize leader think by act arm. Ten where group politics. Key treat cultural almost start. Record top standard market check right.,2020-01-15 00:00:00
8,Collection ten image. Eat go though major when. Last early store today inside left. Often bank enter feel window usually.,2020-02-05 00:00:00
18,Color note information them color. Learn health few rest. Contain upon song paper. Task group may always. Civil born four buy foreign someone body.,2020-01-02 00:00:00
32,Treat stay see easy entire most stock. Ask computer create business husband white. Story cost debate rule. Dark government stuff there late raise name. Final now television accept raise politics.,2019-12-21 00:00:00
82,Remain firm of rate ball parent. Friend fact economic on. Shake southern bag war. These sing wind party hear bit play. Hair baby him treatment benefit parent street.,2019-12-22 00:00:00
58,Agent friend nice down generation end late. Fly whom sign gun party. Wall allow kitchen share. Foot gun save cup write push ahead. Behind painting dog.,2020-01-05 00:00:00
